Philippe Aigrain <aigrain@ucbvax.Berkeley.EDU> aigrain
Akito Fujita <akito@ucbvax.Berkeley.EDU> akito
Anne Hughes <anne@ucbvax.Berkeley.EDU> anne
Ken Arnold <arnold@ucbvax.Berkeley.EDU> arnold
Scott B. Baden <baden@ucbvax.Berkeley.EDU> baden
Jim Bloom <bloom@ucbvax.Berkeley.EDU> bloom
Keith Bostic <bostic@ucbvax.Berkeley.EDU> bostic
Luis Felipe Cabrera <cabrera@ucbvax.Berkeley.EDU> cabrera
Cael Staelin <cael@ucbvax.Berkeley.EDU> cael
Chris G. Demetriou <cgd@ucbvax.Berkeley.EDU> cgd
Christos Zoulas <christos@ucbvax.Berkeley.EDU> christos
Clem Cole <clemc@ucbvax.Berkeley.EDU> clemc
David S. Comay <comay@ucbvax.Berkeley.EDU> comay
Conrad Huang <conrad@ucbvax.Berkeley.EDU> conrad
Eric Cooper <cooper@ucbvax.Berkeley.EDU> cooper
Bob Corbett <corbett@ucbvax.Berkeley.EDU> corbett
Mike Corrigan <corrigan@UCSD.EDU> corrigan
Nick Cuccia <cuccia@ucbvax.Berkeley.EDU> cuccia
Dirk Husemann <dkhusema@uni-erlangen.de> dkhusema
David Wasle <dlw@ucbvax.Berkeley.EDU> dlw
Don Ahn <donahn@mica.berkeley.edu> donahn
Donn Seeley <donn@ucbvax.Berkeley.EDU> donn
Elan Amir <elan@ucbvax.Berkeley.EDU> elan
Eric Allman <eric@ucbvax.Berkeley.EDU> eric
Akito Fujita <fujita@ucbvax.Berkeley.EDU> fujita
Matt Glickman <glickman@ucbvax.Berkeley.EDU> glickman
John Heidemann <heideman@ucbvax.Berkeley.EDU> heideman
Mike Hibler <hibler@ucbvax.Berkeley.EDU> hibler
Kipp Hickman <hickman@ucbvax.Berkeley.EDU> hickman
John Foderaro <jkf@ucbvax.Berkeley.EDU> jkf
Mike Karels <karels@ucbvax.Berkeley.EDU> karels
Kevin Fall <kfall@ucbvax.Berkeley.EDU> kfall
Kevin Dunlap <kjd@ucbvax.Berkeley.EDU> kjd
Robert Elz <kre@ucbvax.Berkeley.EDU> kre
Bob Kridle <kridle@ucbvax.Berkeley.EDU> kridle
Michael Kupfer <kupfer@ucbvax.Berkeley.EDU> kupfer
Jay Lepreau <lepreau@ucbvax.Berkeley.EDU> lepreau
Craig Leres <leres@ucbvax.Berkeley.EDU> leres
Mark Linto <linton@ucbvax.Berkeley.EDU> linton
Rick Macklem <macklem@ucbvax.Berkeley.EDU> macklem
Margo Seltzer <margo@ucbvax.Berkeley.EDU> margo
Steven McCanne <mccanne@ucbvax.Berkeley.EDU> mccanne
Peter McIlroy <mcilroy@ucbvax.Berkeley.EDU> mcilroy
Kirk McKusick <mckusick@ucbvax.Berkeley.EDU> mckusic
Kirk McKusick <mckusick@ucbvax.Berkeley.EDU> mckusick
Gregory Minshall <minshall@ucbvax.Berkeley.EDU> minshall
Miriam Amos <miriam@ucbvax.Berkeley.EDU> miriam
David A. Mosher <mosher@ucbvax.Berkeley.EDU> mosher
Keith Muller <muller@ucbvax.Berkeley.EDU> muller
Peter J. Nicklin <nicklin@ucbvax.Berkeley.EDU> nicklin
Pauline Schwartz <pauline@ucbvax.Berkeley.EDU> pauline
Jan-Simon Pendry <pendry@ucbvax.Berkeley.EDU> pendry
Peter B. Kessler <peter@ucbvax.Berkeley.EDU> peter
Dave Presotto <presotto@ucbvax.Berkeley.EDU> presotto
Ralph Campbell <ralph@ucbvax.Berkeley.EDU> ralph
Charlie Root <root@ucbvax.Berkeley.EDU> root
Robert R. Henry <rrh@ucbvax.Berkeley.EDU> rrh
Robert W. Henry <rwh@ucbvax.Berkeley.EDU> rwh
Sam Leffler <sam@ucbvax.Berkeley.EDU> sam
Steve Sellgren <sellgren@ucbvax.Berkeley.EDU> sellgren
Bill Shannon <shannon@ucbvax.Berkeley.EDU> shannon
Keith Sklower <sklower@ucbvax.Berkeley.EDU> sklower
Dave Slattengren <slatteng@ucbvax.Berkeley.EDU> slatteng
Carl Staelin <staelin@ucbvax.Berkeley.EDU> staelin
Thomas Ferrin <tef@ucbvax.Berkeley.EDU> tef
Chris Torek <torek@ucbvax.Berkeley.EDU> torek
Michael Toy <toy@ucbvax.Berkeley.EDU> toy
Kazumasa Utashiro <utashiro@ucbvax.Berkeley.EDU> utashiro
Van Jacobson <van@ucbvax.Berkeley.EDU> van
Vern Paxson <vern@ucbvax.Berkeley.EDU> vern
Vernon Schryver <vjs@ucbvax.Berkeley.EDU> vjs
Bill Joy <wnj@ucbvax.Berkeley.EDU> wnj
Zhishun Alex Liu <zliu@ucbvax.Berkeley.EDU> zliu
