ah <ah@ucbvax.Berkeley.EDU> ah
aki <aki@ucbvax.Berkeley.EDU> aki
andrew <andrew@ucbvax.Berkeley.EDU> andrew
aoki <aoki@ucbvax.Berkeley.EDU> aoki
bill <bill@ucbvax.Berkeley.EDU> bill
borman <borman@ucbvax.Berkeley.EDU> borman
bugs <bugs@ucbvax.Berkeley.EDU> bugs
bush <bush@ucbvax.Berkeley.EDU> bush
carl <carl@ucbvax.Berkeley.EDU> carl
cda <cda@ucbvax.Berkeley.EDU> cda
claudio <claudio@ucbvax.Berkeley.EDU> claudio
craig <craig@ucbvax.Berkeley.EDU> craig
csvaf <csvaf@ucbvax.Berkeley.EDU> csvaf
csvsj <csvsj@ucbvax.Berkeley.EDU> csvsj
dab <dab@ucbvax.Berkeley.EDU> dab
denise <denise@ucbvax.Berkeley.EDU> denise
dist <dist@ucbvax.Berkeley.EDU> dist
dpk <dpk@ucbvax.Berkeley.EDU> dpk
earl <earl@ucbvax.Berkeley.EDU> earl
ecc <ecc@ucbvax.Berkeley.EDU> ecc
edward <edward@ucbvax.Berkeley.EDU> edward
elefunt <elefunt@ucbvax.Berkeley.EDU> elefunt
epg <epg@ucbvax.Berkeley.EDU> epg
erics <erics@ucbvax.Berkeley.EDU> erics
evan <evan@ucbvax.Berkeley.EDU> evan
feldman <feldman@ucbvax.Berkeley.EDU> feldman
fitz <fitz@ucbvax.Berkeley.EDU> fitz
fortran <fortran@ucbvax.Berkeley.EDU> fortran
garrison <garrison@ucbvax.Berkeley.EDU> garrison
gray <gray@ucbvax.Berkeley.EDU> gray
gusella <gusella@ucbvax.Berkeley.EDU> gusella
halbert <halbert@ucbvax.Berkeley.EDU> halbert
harrison <harrison@ucbvax.Berkeley.EDU> harrison
helge <helge@ucbvax.Berkeley.EDU> helge
henry <henry@ucbvax.Berkeley.EDU> henry
jaap <jaap@ucbvax.Berkeley.EDU> jaap
jak <jak@ucbvax.Berkeley.EDU> jak
jas <jas@ucbvax.Berkeley.EDU> jas
jerry <jerry@ucbvax.Berkeley.EDU> jerry
jg <jg@ucbvax.Berkeley.EDU> jg
johnh <johnh@ucbvax.Berkeley.EDU> johnh
kas <kas@ucbvax.Berkeley.EDU> kas
kurt <kurt@ucbvax.Berkeley.EDU> kurt
lam <lam@ucbvax.Berkeley.EDU> lam
layer <layer@ucbvax.Berkeley.EDU> layer
libs <libs@ucbvax.Berkeley.EDU> libs
mao <mao@ucbvax.Berkeley.EDU> mao
marc <marc@ucbvax.Berkeley.EDU> marc
mark <mark@ucbvax.Berkeley.EDU> mark
mis <mis@ucbvax.Berkeley.EDU> mis
mkm <mkm@ucbvax.Berkeley.EDU> mkm
mo <mo@ucbvax.Berkeley.EDU> mo
opcode <opcode@ucbvax.Berkeley.EDU> opcode
orange <orange@ucbvax.Berkeley.EDU> orange
pc <pc@ucbvax.Berkeley.EDU> pc
phil <phil@ucbvax.Berkeley.EDU> phil
presott <presott@ucbvax.Berkeley.EDU> presott
pugs <pugs@ucbvax.Berkeley.EDU> pugs
rick <rick@ucbvax.Berkeley.EDU> rick
rt <rt@ucbvax.Berkeley.EDU> rt
sagersa <sagersa@ucbvax.Berkeley.EDU> sagersa
samples <samples@ucbvax.Berkeley.EDU> samples
sechrest <sechrest@ucbvax.Berkeley.EDU> sechrest
serge <serge@ucbvax.Berkeley.EDU> serge
shantz <shantz@ucbvax.Berkeley.EDU> shantz
tapers <tapers@ucbvax.Berkeley.EDU> tapers
thien <thien@ucbvax.Berkeley.EDU> thien
trent <trent@ucbvax.Berkeley.EDU> trent
tut <tut@ucbvax.Berkeley.EDU> tut
wall <wall@ucbvax.Berkeley.EDU> wall
walsh <walsh@ucbvax.Berkeley.EDU> walsh
william <william@ucbvax.Berkeley.EDU> william
