ah
aigrain Philippe Aigrain <aigrain@ucbvax.Berkeley.EDU>
aki
akito Akito Fujita <akito@ucbvax.Berkeley.EDU>
andrew
anne Anne Hughes <anne@ucbvax.Berkeley.EDU>
aoki
arnold Ken Arnold <arnold@ucbvax.Berkeley.EDU>
baden Scott B. Baden <baden@ucbvax.Berkeley.EDU>
bill
bloom Jim Bloom <bloom@ucbvax.Berkeley.EDU>
borman
bostic Keith Bostic <bostic@ucbvax.Berkeley.EDU>
bugs
bush
cabrera Luis Felipe Cabrera <cabrera@ucbvax.Berkeley.EDU>
cael Cael Staelin <cael@ucbvax.Berkeley.EDU>
carl
cda
cgd Chris G. Demetriou <cgd@ucbvax.Berkeley.EDU>
christos Christos Zoulas <christos@ucbvax.Berkeley.EDU>
claudio
clemc Clem Cole <clemc@ucbvax.Berkeley.EDU>
comay David S. Comay <comay@ucbvax.Berkeley.EDU>
conrad Conrad Huang <conrad@ucbvax.Berkeley.EDU>
cooper Eric Cooper <cooper@ucbvax.Berkeley.EDU>
corbett Bob Corbett <corbett@ucbvax.Berkeley.EDU>
corrigan Mike Corrigan <corrigan@UCSD.EDU>
craig
csvaf
csvsj
cuccia Nick Cuccia <cuccia@ucbvax.Berkeley.EDU>
dab
denise
dist
dkhusema Dirk Husemann <dkhusema@uni-erlangen.de>
dlw David Wasle <dlw@ucbvax.Berkeley.EDU>
donahn Don Ahn <donahn@mica.berkeley.edu>
donn Donn Seeley <donn@ucbvax.Berkeley.EDU>
dpk
earl
ecc
edward
elan Elan Amir <elan@ucbvax.Berkeley.EDU>
elefunt
epg
eric Eric Allman <eric@ucbvax.Berkeley.EDU>
erics
evan
feldman
fitz
fortran
fujita Akito Fujita <fujita@ucbvax.Berkeley.EDU>
garrison
glickman Matt Glickman <glickman@ucbvax.Berkeley.EDU>
gray
gusella
halbert
harrison
heideman John Heidemann <heideman@ucbvax.Berkeley.EDU>
helge
henry
hibler Mike Hibler <hibler@ucbvax.Berkeley.EDU>
hickman Kipp Hickman <hickman@ucbvax.Berkeley.EDU>
jaap
jak
jas
jerry
jg
jkf John Foderaro <jkf@ucbvax.Berkeley.EDU>
johnh
karels Mike Karels <mike@ucbvax.Berkeley.EDU>
kas
kfall Kevin Fall <kfall@ucbvax.Berkeley.EDU>
kjd Kevin Dunlap <kjd@ucbvax.Berkeley.EDU>
kre Robert Elz <kre@ucbvax.Berkeley.EDU>
kridle Bob Kridle <kridle@ucbvax.Berkeley.EDU>
kupfer Michael Kupfer <kupfer@ucbvax.Berkeley.EDU>
kurt
lam
layer
lepreau Jay Lepreau <lepreau@ucbvax.Berkeley.EDU>
leres Craig Leres <leres@ucbvax.Berkeley.EDU>
libs
linton Mark Linto <linton@ucbvax.Berkeley.EDU>
macklem Rick Macklem <macklem@ucbvax.Berkeley.EDU>
mao
marc
margo Margo Seltzer <margo@ucbvax.Berkeley.EDU>
mark
mccanne Steven McCanne <mccanne@ucbvax.Berkeley.EDU>
mcilroy Peter McIlroy <mcilroy@ucbvax.Berkeley.EDU>
mckusic Kirk McKusick <mckusick@ucbvax.Berkeley.EDU>
mckusick Kirk McKusick <mckusick@ucbvax.Berkeley.EDU>
minshall Gregory Minshall <minshall@ucbvax.Berkeley.EDU>
miriam Miriam Amos <miriam@ucbvax.Berkeley.EDU>
mis
mkm
mo
mosher David A. Mosher <mosher@ucbvax.Berkeley.EDU>
muller Keith Muller <muller@ucbvax.Berkeley.EDU>
nicklin Peter J. Nicklin <nicklin@ucbvax.Berkeley.EDU>
opcode
orange
pauline Pauline Schwartz <pauline@ucbvax.Berkeley.EDU>
pc
pendry Jan-Simon Pendry <pendry@ucbvax.Berkeley.EDU>
peter Peter B. Kessler <peter@ucbvax.Berkeley.EDU>
phil
presott
presotto Dave Presotto <presotto@ucbvax.Berkeley.EDU>
pugs
ralph Ralph Campbell <ralph@ucbvax.Berkeley.EDU>
rick
root Charlie Root <root@ucbvax.Berkeley.EDU>
rrh Robert R. Henry <rrh@ucbvax.Berkeley.EDU>
rt
rwh Robert W. Henry <rwh@ucbvax.Berkeley.EDU>
sagersa
sam Sam Leffler <sam@ucbvax.Berkeley.EDU>
samples
sechrest
sellgren Steve Sellgren <sellgren@ucbvax.Berkeley.EDU>
serge
shannon Bill Shannon <shannon@ucbvax.Berkeley.EDU>
shantz
sklower Keith Sklower <sklower@ucbvax.Berkeley.EDU>
slatteng Dave Slattengren <slatteng@ucbvax.Berkeley.EDU>
staelin Carl Staelin <staelin@ucbvax.Berkeley.EDU>
tapers
tef Thomas Ferrin <tef@ucbvax.Berkeley.EDU>
thien
torek Chris Torek <torek@ucbvax.Berkeley.EDU>
toy Michael Toy <toy@ucbvax.Berkeley.EDU>
trent
tut
utashiro Kazumasa Utashiro <utashiro@ucbvax.Berkeley.EDU>
van Van Jacobson <van@ucbvax.Berkeley.EDU>
vern Vern Paxson <vern@ucbvax.Berkeley.EDU>
vjs Vernon Schryver <vjs@ucbvax.Berkeley.EDU>
wall
walsh
william
wnj Bill Joy <wnj@ucbvax.Berkeley.EDU>
zliu Zhishun Alex Liu <zliu@ucbvax.Berkeley.EDU>
